,sample_size,loss,test_acc
Pneumonia,4885,0.12194633322513637,0.9819078947368421
Pneumothorax,5749,0.621801699631374,0.8344972067039106
