,sample_size,loss,test_acc
Fibrosis,5101,0.5543764282322573,0.9656053459119497
Hernia,4969,0.14298322354594667,0.9911290322580645
Infiltration,7145,0.6446110963019555,0.6891816143497758
Mass,5368,0.3002969590489736,0.9174775449101796
Nodule,5382,0.3133622577325219,0.9151785714285714
Pleural_Thickening,5234,0.23899044608411613,0.9411426380368099
